row,lat,lon,speed,timestamp,sound,brightness,vibration,altitude
2,51.957462,7.637253,0.50,01/19/2016 12:56:05 ,61,2771,0.00,235.39
3,51.957462,7.637252,0.06,01/19/2016 12:56:06 ,120,1475,0.00,234.20
4,51.957473,7.637242,0.56,01/19/2016 12:56:07 ,94,1515,0.00,233.69
5,51.957473,7.637242,0.39,01/19/2016 12:56:08 ,53,1457,0.00,232.16
6,51.957477,7.637243,0.33,01/19/2016 12:56:09 ,8,2119,0.00,232.41
7,51.957473,7.637242,0.56,01/19/2016 12:56:11 ,218,2752,0.00,230.88
8,51.957466,7.637245,0.44,01/19/2016 12:56:12 ,191,6437,1.14,231.90
9,51.957462,7.637250,0.17,01/19/2016 12:56:13 ,260,2212,1.14,234.97
10,51.957462,7.637255,0.17,01/19/2016 12:56:14 ,10,2481,0.36,233.18
11,51.957454,7.637257,0.06,01/19/2016 12:56:15 ,237,325,0.62,234.20
12,51.957450,7.637262,0.24,01/19/2016 12:56:16 ,8,2414,0.89,233.69
13,51.957447,7.637268,0.50,01/19/2016 12:56:17 ,285,2133,0.77,233.18
14,51.957447,7.637273,0.19,01/19/2016 12:56:18 ,264,1428,0.84,234.20
15,51.957443,7.637275,0.09,01/19/2016 12:56:19 ,9,2730,0.63,232.92
16,51.957439,7.637272,0.19,01/19/2016 12:56:20 ,9,779,1.08,234.20
17,51.957439,7.637270,0.22,01/19/2016 12:56:21 ,122,568,1.05,233.43
18,51.957439,7.637263,0.06,01/19/2016 12:56:23 ,9,362,1.16,234.20
19,51.957439,7.637260,0.39,01/19/2016 12:56:24 ,164,3156,1.00,233.69
20,51.957443,7.637258,0.46,01/19/2016 12:56:25 ,108,387,0.97,233.43
21,51.957439,7.637257,0.46,01/19/2016 12:56:26 ,127,1619,0.39,233.18
22,51.957439,7.637257,0.33,01/19/2016 12:56:27 ,437,16,0.92,233.18
23,51.957439,7.637255,0.78,01/19/2016 12:56:28 ,9,174,0.39,232.41
24,51.957443,7.637255,0.31,01/19/2016 12:56:29 ,8,51,0.78,232.16
25,51.957443,7.637257,0.11,01/19/2016 12:56:30 ,46,13,0.30,233.18
26,51.957447,7.637255,0.30,01/19/2016 12:56:31 ,122,13,0.90,232.41
27,51.957439,7.637265,0.30,01/19/2016 12:56:32 ,216,13,0.90,232.41
28,51.957435,7.637272,0.33,01/19/2016 12:56:33 ,9,13,0.91,233.18
29,51.957439,7.637270,0.00,01/19/2016 12:56:34 ,48,13,0.91,233.18
30,51.957447,7.637267,0.00,01/19/2016 12:56:36 ,121,13,0.90,233.18
31,51.957447,7.637267,0.00,01/19/2016 12:56:37 ,40,13,0.90,233.18
32,51.957447,7.637267,0.00,01/19/2016 12:56:38 ,18,13,0.91,234.97
33,51.957447,7.637267,0.00,01/19/2016 12:56:39 ,195,13,0.91,234.20
34,51.957447,7.637267,0.00,01/19/2016 12:56:40 ,79,13,0.90,234.71
35,51.957447,7.637267,0.00,01/19/2016 12:56:41 ,92,13,0.90,235.39
36,51.957447,7.637267,0.00,01/19/2016 12:56:42 ,250,14,0.90,234.97
37,51.957447,7.637267,0.00,01/19/2016 12:56:43 ,436,13,0.89,235.65
38,51.957447,7.637267,0.00,01/19/2016 12:56:44 ,187,13,0.89,236.41
39,51.957447,7.637267,0.00,01/19/2016 12:56:45 ,147,13,0.89,235.65
40,51.957447,7.637267,0.00,01/19/2016 12:56:46 ,149,13,0.34,236.92
41,51.957447,7.637267,0.00,01/19/2016 12:56:48 ,14,13,0.91,236.92
42,51.957447,7.637267,0.00,01/19/2016 12:56:49 ,9,14,0.97,236.92
43,51.957447,7.637267,0.00,01/19/2016 12:56:50 ,245,8,0.88,237.43
44,51.957447,7.637267,0.00,01/19/2016 12:56:51 ,9,5,0.96,237.43
45,51.957447,7.637267,0.00,01/19/2016 12:56:52 ,9,13,0.79,237.69
46,51.957447,7.637267,0.00,01/19/2016 12:56:53 ,21,11,0.85,237.69
47,51.957447,7.637267,0.00,01/19/2016 12:56:54 ,323,14,0.88,237.69
48,51.957447,7.637267,0.00,01/19/2016 12:56:55 ,751,3,1.01,238.71
49,51.957447,7.637267,0.00,01/19/2016 12:56:56 ,9,5,0.95,238.71
50,51.957447,7.637267,0.00,01/19/2016 12:56:57 ,476,7,0.83,239.48
51,51.957447,7.637267,0.00,01/19/2016 12:56:58 ,239,8,0.41,238.97
52,51.957489,7.637263,1.50,01/19/2016 12:57:00 ,10,20,1.81,239.73
53,51.957492,7.637263,0.00,01/19/2016 12:57:01 ,276,13,0.92,238.97
54,51.957496,7.637262,0.00,01/19/2016 12:57:02 ,249,14,0.73,238.97
55,51.957504,7.637262,2.35,01/19/2016 12:57:03 ,522,10,0.62,239.73
56,51.957511,7.637267,2.78,01/19/2016 12:57:04 ,707,5,0.29,240.42
57,51.957519,7.637270,2.48,01/19/2016 12:57:05 ,548,8,0.85,239.90
58,51.957523,7.637272,1.76,01/19/2016 12:57:06 ,10,5,0.93,241.18
59,51.957523,7.637273,0.00,01/19/2016 12:57:07 ,18,69,0.94,240.16
60,51.957523,7.637278,0.00,01/19/2016 12:57:08 ,751,62,0.89,240.42
61,51.957523,7.637278,0.00,01/19/2016 12:57:09 ,751,452,0.96,240.16
62,51.957523,7.637278,0.00,01/19/2016 12:57:11 ,168,222,0.92,239.48
63,51.957523,7.637278,0.00,01/19/2016 12:57:12 ,10,646,0.92,240.42
64,51.957523,7.637278,0.00,01/19/2016 12:57:13 ,96,792,0.98,239.48
65,51.957523,7.637278,0.00,01/19/2016 12:57:14 ,33,828,0.95,239.48
66,51.957523,7.637278,0.00,01/19/2016 12:57:15 ,40,763,0.92,239.48
67,51.957523,7.637278,0.00,01/19/2016 12:57:16 ,324,740,0.79,238.97
68,51.957523,7.637278,0.00,01/19/2016 12:57:17 ,80,809,0.98,239.48
69,51.957534,7.637300,2.07,01/19/2016 12:57:18 ,751,1219,0.35,239.48
70,51.957546,7.637305,3.39,01/19/2016 12:57:19 ,65,1103,0.88,238.20
71,51.957561,7.637310,5.00,01/19/2016 12:57:20 ,10,1347,0.98,238.71
72,51.957588,7.637313,7.15,01/19/2016 12:57:21 ,406,1413,0.97,239.48
73,51.957649,7.637330,11.56,01/19/2016 12:57:23 ,578,1451,0.88,240.42
74,51.957687,7.637332,13.37,01/19/2016 12:57:24 ,268,1555,0.90,239.73
75,51.957733,7.637338,17.39,01/19/2016 12:57:25 ,482,1166,0.95,238.46
76,51.957767,7.637365,17.39,01/19/2016 12:57:26 ,751,1046,0.85,237.95
77,51.957801,7.637387,14.65,01/19/2016 12:57:27 ,10,1602,1.13,238.20
78,51.957824,7.637403,12.46,01/19/2016 12:57:28 ,52,1569,1.00,237.69
79,51.957855,7.637410,14.93,01/19/2016 12:57:29 ,644,1650,0.76,237.43
80,51.957908,7.637405,19.32,01/19/2016 12:57:30 ,10,1599,0.80,237.69
81,51.957950,7.637390,20.24,01/19/2016 12:57:31 ,10,1579,0.82,236.67
82,51.958000,7.637388,18.41,01/19/2016 12:57:32 ,752,1585,0.03,234.97
83,51.958049,7.637380,18.02,01/19/2016 12:57:33 ,9,747,1.27,234.97
84,51.958118,7.637362,12.69,01/19/2016 12:57:35 ,10,1525,1.32,234.45
85,51.958160,7.637353,11.39,01/19/2016 12:57:36 ,10,1551,1.17,233.69
86,51.958198,7.637322,11.07,01/19/2016 12:57:37 ,343,1439,0.85,233.18
87,51.958244,7.637293,11.07,01/19/2016 12:57:38 ,100,1448,0.91,233.43
88,51.958297,7.637270,17.24,01/19/2016 12:57:39 ,10,1047,0.50,232.67
89,51.958347,7.637263,16.83,01/19/2016 12:57:40 ,752,1147,1.61,231.64
90,51.958385,7.637252,9.59,01/19/2016 12:57:41 ,591,939,1.27,230.62
91,51.958408,7.637255,5.50,01/19/2016 12:57:42 ,11,1258,1.33,230.88
92,51.958446,7.637257,9.89,01/19/2016 12:57:43 ,47,1292,1.08,229.09
93,51.958488,7.637247,12.72,01/19/2016 12:57:44 ,11,1227,0.86,229.09
94,51.958522,7.637252,9.02,01/19/2016 12:57:45 ,404,893,0.83,229.35
95,51.958557,7.637228,7.32,01/19/2016 12:57:47 ,45,1238,0.92,229.09
96,51.958564,7.637223,8.45,01/19/2016 12:57:48 ,117,1299,0.91,229.35
97,51.958568,7.637228,10.59,01/19/2016 12:57:49 ,733,1293,0.97,228.58
98,51.958576,7.637245,10.59,01/19/2016 12:57:50 ,161,1380,1.03,228.07
99,51.958599,7.637295,0.24,01/19/2016 12:57:51 ,751,1264,0.92,226.54
100,51.958606,7.637305,0.48,01/19/2016 12:57:52 ,303,769,0.97,226.54
101,51.958637,7.637335,7.83,01/19/2016 12:57:53 ,20,894,0.94,226.11
102,51.958660,7.637343,4.46,01/19/2016 12:57:54 ,11,860,1.09,225.35
103,51.958675,7.637358,0.00,01/19/2016 12:57:55 ,612,1081,0.97,226.11
104,51.958686,7.637358,0.00,01/19/2016 12:57:56 ,753,1065,1.18,226.11
105,51.958709,7.637353,0.48,01/19/2016 12:57:57 ,752,968,0.91,226.11
106,51.958759,7.637318,8.02,01/19/2016 12:57:59 ,11,1173,0.93,225.86
107,51.958793,7.637267,11.65,01/19/2016 12:58:00 ,465,1062,0.93,225.09
108,51.958824,7.637207,16.80,01/19/2016 12:58:01 ,11,1071,1.07,225.35
109,51.958858,7.637138,16.80,01/19/2016 12:58:02 ,753,1162,0.36,225.09
110,51.958896,7.637073,21.85,01/19/2016 12:58:03 ,11,1047,1.67,224.16
111,51.958934,7.636997,26.32,01/19/2016 12:58:04 ,11,1037,1.02,224.16
112,51.958972,7.636918,24.84,01/19/2016 12:58:05 ,11,19,0.73,222.12
113,51.959007,7.636848,23.06,01/19/2016 12:58:06 ,753,14,1.41,221.86
114,51.959049,7.636788,22.98,01/19/2016 12:58:07 ,11,0,2.00,221.86
115,51.959087,7.636733,22.91,01/19/2016 12:58:08 ,11,0,0.91,221.10
116,51.959129,7.636683,22.54,01/19/2016 12:58:09 ,12,6,1.10,220.33
117,51.959247,7.636582,22.48,01/19/2016 12:58:11 ,752,802,0.72,218.03
118,51.959194,7.636580,23.98,01/19/2016 12:58:12 ,11,1022,2.00,218.54
119,51.959228,7.636490,4.26,01/19/2016 12:58:13 ,752,1013,0.17,218.03
120,51.959247,7.636425,4.26,01/19/2016 12:58:14 ,11,1018,0.28,217.01
121,51.959239,7.636410,9.83,01/19/2016 12:58:15 ,272,1028,0.92,215.99
122,51.959247,7.636380,13.67,01/19/2016 12:58:16 ,11,775,1.11,215.48
123,51.959270,7.636328,15.83,01/19/2016 12:58:17 ,12,937,1.70,214.72
124,51.959239,7.636378,24.76,01/19/2016 12:58:18 ,12,983,2.00,214.21
125,51.959224,7.636410,29.98,01/19/2016 12:58:19 ,12,1179,0.57,212.76
126,51.959300,7.636295,29.59,01/19/2016 12:58:20 ,754,1084,0.72,211.74
127,51.959369,7.636218,29.89,01/19/2016 12:58:21 ,12,1109,1.19,211.74
128,51.959392,7.636202,31.24,01/19/2016 12:58:23 ,544,983,0.80,210.73
129,51.959403,7.636177,29.37,01/19/2016 12:58:24 ,400,1023,1.02,210.22
130,51.959407,7.636157,28.72,01/19/2016 12:58:25 ,12,982,0.93,211.24
131,51.959354,7.636248,28.72,01/19/2016 12:58:26 ,392,1041,0.93,210.98
132,51.959316,7.636310,32.56,01/19/2016 12:58:27 ,12,981,1.04,210.73
133,51.959342,7.636268,25.17,01/19/2016 12:58:28 ,253,995,0.97,210.47
134,51.959323,7.636282,26.30,01/19/2016 12:58:29 ,40,948,0.85,210.73
135,51.959289,7.636345,25.26,01/19/2016 12:58:30 ,70,908,0.97,209.79
136,51.959255,7.636400,23.95,01/19/2016 12:58:31 ,353,962,1.01,210.73
137,51.959236,7.636432,22.85,01/19/2016 12:58:32 ,12,971,1.00,211.74
138,51.959247,7.636418,15.63,01/19/2016 12:58:33 ,13,980,0.97,211.49
139,51.959232,7.636428,9.37,01/19/2016 12:58:35 ,19,971,0.99,210.47
140,51.959369,7.636153,5.65,01/19/2016 12:58:36 ,137,945,0.98,210.98
141,51.959388,7.636133,0.24,01/19/2016 12:58:37 ,319,962,0.98,210.73
142,51.959430,7.636035,0.24,01/19/2016 12:58:38 ,60,936,0.98,210.98
143,51.959438,7.636022,0.00,01/19/2016 12:58:39 ,12,962,0.99,209.79
144,51.959457,7.635978,0.00,01/19/2016 12:58:40 ,172,954,0.95,209.79
145,51.959457,7.635978,0.00,01/19/2016 12:58:41 ,158,954,0.98,207.75
146,51.959457,7.635978,0.00,01/19/2016 12:58:42 ,162,956,0.98,207.75
147,51.959457,7.635978,0.00,01/19/2016 12:58:43 ,314,954,0.98,207.75
148,51.959522,7.635830,0.30,01/19/2016 12:58:44 ,12,954,0.99,205.55
149,51.959537,7.635818,0.20,01/19/2016 12:58:45 ,12,954,0.98,206.31
150,51.959529,7.635832,12.52,01/19/2016 12:58:47 ,356,976,0.98,203.51
151,51.959537,7.635827,10.33,01/19/2016 12:58:48 ,240,938,0.98,203.26
152,51.959552,7.635795,7.30,01/19/2016 12:58:49 ,13,954,0.99,201.73
153,51.959545,7.635823,7.30,01/19/2016 12:58:50 ,619,954,0.97,201.22
154,51.959545,7.635828,7.20,01/19/2016 12:58:51 ,350,954,0.98,199.18
155,51.959537,7.635843,11.65,01/19/2016 12:58:52 ,571,954,0.99,199.69
156,51.959529,7.635872,15.70,01/19/2016 12:58:53 ,118,938,0.98,199.43
157,51.959537,7.635857,8.89,01/19/2016 12:58:54 ,13,938,0.98,198.67
158,51.959522,7.635883,14.15,01/19/2016 12:58:55 ,338,938,0.98,198.16
159,51.959510,7.635913,13.35,01/19/2016 12:58:56 ,13,938,0.97,198.67
160,51.959552,7.635915,0.00,01/19/2016 12:58:57 ,13,938,0.98,198.42
161,51.959568,7.635947,0.00,01/19/2016 12:58:59 ,14,938,0.98,197.99
162,51.959598,7.635973,13.08,01/19/2016 12:59:00 ,13,938,0.98,198.67
163,51.959625,7.635992,13.11,01/19/2016 12:59:01 ,195,963,0.98,198.16
164,51.959644,7.635995,13.11,01/19/2016 12:59:02 ,229,963,0.99,196.72
165,51.959655,7.635997,8.37,01/19/2016 12:59:03 ,260,963,0.98,196.72
166,51.959644,7.635922,0.00,01/19/2016 12:59:04 ,213,947,0.98,196.72
167,51.959648,7.635913,0.00,01/19/2016 12:59:05 ,252,938,0.97,194.68
168,51.959651,7.635905,0.00,01/19/2016 12:59:06 ,75,1044,0.97,195.70
169,51.959651,7.635905,0.00,01/19/2016 12:59:07 ,57,971,1.03,193.92
170,51.959671,7.635895,0.41,01/19/2016 12:59:08 ,389,1004,0.68,194.68
171,51.959686,7.635882,0.57,01/19/2016 12:59:09 ,498,966,1.00,194.43
172,51.959724,7.635823,0.63,01/19/2016 12:59:11 ,13,948,1.15,194.18
173,51.959751,7.635773,9.59,01/19/2016 12:59:12 ,330,925,0.98,196.21
174,51.959766,7.635717,13.91,01/19/2016 12:59:13 ,352,853,0.58,195.70
175,51.959793,7.635645,13.91,01/19/2016 12:59:14 ,13,921,1.06,195.70
176,51.959808,7.635557,16.87,01/19/2016 12:59:15 ,753,890,0.53,195.70
177,51.959808,7.635418,21.67,01/19/2016 12:59:16 ,754,871,1.58,194.68
178,51.959823,7.635320,21.80,01/19/2016 12:59:17 ,497,792,2.00,195.45
179,51.959831,7.635222,22.63,01/19/2016 12:59:18 ,753,921,0.65,194.68
180,51.959831,7.635117,25.43,01/19/2016 12:59:19 ,754,857,1.35,194.68
181,51.959831,7.635018,20.72,01/19/2016 12:59:20 ,404,865,0.89,192.65
182,51.959831,7.634918,18.98,01/19/2016 12:59:21 ,78,851,0.91,192.65
183,51.959819,7.634745,18.93,01/19/2016 12:59:23 ,13,821,1.23,191.89
184,51.959808,7.634660,20.37,01/19/2016 12:59:24 ,13,805,0.63,191.21
185,51.959800,7.634587,19.45,01/19/2016 12:59:25 ,14,740,0.62,190.45
186,51.959804,7.634523,19.45,01/19/2016 12:59:26 ,502,694,1.18,190.45
187,51.959808,7.634483,9.04,01/19/2016 12:59:27 ,13,604,0.80,190.45
188,51.959831,7.634442,15.17,01/19/2016 12:59:28 ,754,563,0.16,190.70
189,51.959854,7.634380,21.26,01/19/2016 12:59:29 ,754,803,0.47,189.94
190,51.959892,7.634315,17.93,01/19/2016 12:59:30 ,14,872,0.87,190.19
191,51.959911,7.634275,15.08,01/19/2016 12:59:31 ,754,1001,0.14,188.92
192,51.959945,7.634223,16.54,01/19/2016 12:59:32 ,754,912,0.22,188.24
193,51.959976,7.634165,18.93,01/19/2016 12:59:33 ,754,910,1.03,187.48
194,51.960041,7.634038,16.11,01/19/2016 12:59:35 ,754,740,0.54,186.71
195,51.960063,7.633990,14.04,01/19/2016 12:59:36 ,14,689,0.76,187.48
196,51.960086,7.633963,11.43,01/19/2016 12:59:37 ,14,631,0.72,186.21
197,51.960117,7.633927,11.43,01/19/2016 12:59:38 ,754,624,2.00,186.21
198,51.960151,7.633897,15.00,01/19/2016 12:59:39 ,14,629,2.00,184.93
199,51.960182,7.633858,12.46,01/19/2016 12:59:40 ,13,428,1.98,185.19
200,51.960201,7.633835,8.48,01/19/2016 12:59:41 ,62,499,0.71,183.41
201,51.960216,7.633830,7.61,01/19/2016 12:59:42 ,14,343,1.41,183.92
202,51.960224,7.633833,4.89,01/19/2016 12:59:43 ,14,382,0.97,184.43
203,51.960231,7.633845,5.19,01/19/2016 12:59:44 ,51,332,0.25,183.66
204,51.960239,7.633870,7.95,01/19/2016 12:59:45 ,167,315,0.60,184.43
205,51.960277,7.633940,10.46,01/19/2016 12:59:47 ,754,289,1.11,185.44
206,51.960308,7.634017,10.76,01/19/2016 12:59:48 ,234,246,1.34,184.68
207,51.960346,7.634088,10.76,01/19/2016 12:59:49 ,14,286,0.57,183.92
208,51.960388,7.634137,10.76,01/19/2016 12:59:50 ,667,281,0.60,183.66
209,51.960414,7.634185,14.39,01/19/2016 12:59:51 ,110,255,0.85,184.43
210,51.960456,7.634235,16.78,01/19/2016 12:59:52 ,14,301,0.99,184.93
211,51.960487,7.634292,18.04,01/19/2016 12:59:53 ,14,293,1.28,183.92
212,51.960510,7.634340,17.33,01/19/2016 12:59:54 ,14,265,1.09,183.66
213,51.960544,7.634382,15.96,01/19/2016 12:59:55 ,14,386,0.95,184.43
214,51.960571,7.634438,20.82,01/19/2016 12:59:56 ,448,460,0.93,183.92
215,51.960651,7.634553,19.33,01/19/2016 12:59:58 ,14,478,0.97,183.41
216,51.960727,7.634573,16.22,01/19/2016 12:59:59 ,619,537,1.24,184.43
217,51.960834,7.634578,16.22,01/19/2016 13:00:00 ,14,486,1.30,183.16
218,51.960933,7.634585,28.50,01/19/2016 13:00:01 ,14,499,1.23,182.90
219,51.961029,7.634607,28.45,01/19/2016 13:00:02 ,14,501,0.85,182.48
220,51.961112,7.634625,26.35,01/19/2016 13:00:03 ,15,346,0.93,181.21
221,51.961193,7.634660,33.22,01/19/2016 13:00:04 ,14,511,0.95,179.43
222,51.961288,7.634675,32.69,01/19/2016 13:00:05 ,559,465,0.45,178.92
223,51.961383,7.634697,31.00,01/19/2016 13:00:06 ,15,464,0.88,175.87
224,51.961456,7.634750,28.52,01/19/2016 13:00:07 ,15,522,0.77,175.36
225,51.961574,7.634877,27.32,01/19/2016 13:00:09 ,754,14,0.93,175.36
226,51.961616,7.634955,26.54,01/19/2016 13:00:10 ,144,0,0.00,173.33
227,51.961658,7.635025,25.67,01/19/2016 13:00:11 ,15,0,1.14,172.57
228,51.961723,7.635245,25.67,01/19/2016 13:00:12 ,15,571,0.95,172.57
229,51.961761,7.635425,45.24,01/19/2016 13:00:13 ,15,394,0.83,172.06
230,51.961803,7.635627,40.71,01/19/2016 13:00:14 ,221,536,0.83,171.81
231,51.961826,7.635830,56.91,01/19/2016 13:00:15 ,754,594,0.50,171.05
232,51.961853,7.636030,80.06,01/19/2016 13:00:16 ,16,565,0.77,170.63
233,51.962116,7.635785,46.36,01/19/2016 13:00:17 ,755,523,0.97,171.56
234,51.962177,7.635888,44.93,01/19/2016 13:00:18 ,755,585,0.59,171.56
235,51.962142,7.636055,52.60,01/19/2016 13:00:19 ,14,451,0.70,171.30
236,51.961933,7.636358,48.32,01/19/2016 13:00:21 ,512,629,0.91,171.56
237,51.962066,7.636320,58.67,01/19/2016 13:00:22 ,15,595,0.76,172.57
238,51.961902,7.636365,58.67,01/19/2016 13:00:23 ,409,466,0.77,172.32
239,51.961875,7.636478,34.84,01/19/2016 13:00:24 ,566,369,0.75,173.59
240,51.961837,7.636600,33.26,01/19/2016 13:00:25 ,516,374,0.73,172.06
241,51.961811,7.636712,33.24,01/19/2016 13:00:26 ,278,299,0.83,172.32
242,51.961776,7.636815,35.91,01/19/2016 13:00:27 ,755,367,0.67,172.82
243,51.961872,7.636808,30.28,01/19/2016 13:00:28 ,58,278,0.05,172.82
244,51.961956,7.636830,24.26,01/19/2016 13:00:29 ,15,383,1.02,172.32
245,51.961929,7.636883,20.46,01/19/2016 13:00:30 ,282,334,0.95,172.82
246,51.962455,7.636702,19.48,01/19/2016 13:00:32 ,15,331,1.16,172.06
247,51.963073,7.636033,17.00,01/19/2016 13:00:33 ,15,372,0.83,173.84
248,51.962966,7.635963,15.56,01/19/2016 13:00:34 ,457,381,0.93,171.81
249,51.963199,7.635710,15.56,01/19/2016 13:00:35 ,667,242,0.63,171.05
250,51.963253,7.635613,22.00,01/19/2016 13:00:36 ,15,213,0.42,171.56
251,51.963344,7.635423,21.91,01/19/2016 13:00:37 ,15,319,0.79,171.81
252,51.963497,7.635117,20.80,01/19/2016 13:00:38 ,15,210,0.58,172.32
253,51.963615,7.634937,20.71,01/19/2016 13:00:39 ,559,230,1.96,172.32
254,51.963680,7.634892,11.56,01/19/2016 13:00:40 ,756,205,0.82,171.81
255,51.963771,7.634718,9.50,01/19/2016 13:00:41 ,439,323,1.01,171.30
256,51.963851,7.634643,10.32,01/19/2016 13:00:42 ,681,234,0.50,170.88
257,51.963962,7.634585,13.43,01/19/2016 13:00:44 ,579,183,0.54,170.63
258,51.964023,7.634550,15.48,01/19/2016 13:00:45 ,755,295,1.21,169.35
259,51.964080,7.634487,17.22,01/19/2016 13:00:46 ,342,194,1.17,170.12
260,51.964134,7.634470,17.22,01/19/2016 13:00:47 ,16,226,1.70,168.93
261,51.964183,7.634475,16.83,01/19/2016 13:00:48 ,16,343,0.06,167.75
262,51.964244,7.634457,16.95,01/19/2016 13:00:49 ,97,184,0.96,167.92
263,51.964309,7.634400,14.54,01/19/2016 13:00:50 ,309,182,1.00,166.23
264,51.964336,7.634410,14.50,01/19/2016 13:00:51 ,559,191,0.52,166.73
265,51.964366,7.634432,15.22,01/19/2016 13:00:52 ,290,173,0.77,166.99
266,51.964408,7.634435,16.45,01/19/2016 13:00:53 ,502,187,0.85,166.99
267,51.964447,7.634432,15.82,01/19/2016 13:00:54 ,16,218,0.72,167.75
268,51.964534,7.634430,14.48,01/19/2016 13:00:56 ,755,190,0.93,166.23
269,51.964591,7.634398,15.30,01/19/2016 13:00:57 ,750,174,0.89,165.46
270,51.964630,7.634365,19.04,01/19/2016 13:00:58 ,16,283,0.61,165.21
271,51.964668,7.634332,19.04,01/19/2016 13:00:59 ,344,231,0.85,165.21
272,51.964706,7.634290,12.72,01/19/2016 13:01:00 ,755,158,0.56,165.21
273,51.964752,7.634280,13.41,01/19/2016 13:01:01 ,393,319,1.52,163.43
274,51.964839,7.634228,16.48,01/19/2016 13:01:02 ,755,328,0.59,163.18
275,51.964893,7.634217,14.15,01/19/2016 13:01:03 ,16,328,0.97,161.91
276,51.964946,7.634185,14.15,01/19/2016 13:01:04 ,352,319,0.66,161.15
277,51.964992,7.634173,14.17,01/19/2016 13:01:05 ,577,298,0.69,160.14
278,51.965072,7.634075,14.83,01/19/2016 13:01:06 ,614,174,0.73,159.88
279,51.965206,7.633983,12.59,01/19/2016 13:01:08 ,16,210,0.86,160.39
280,51.965270,7.633948,17.15,01/19/2016 13:01:09 ,756,262,0.98,158.87
281,51.965312,7.633927,14.04,01/19/2016 13:01:10 ,17,177,0.63,159.12
282,51.965339,7.633913,14.04,01/19/2016 13:01:11 ,213,192,0.84,158.11
283,51.965358,7.633867,0.31,01/19/2016 13:01:12 ,238,204,0.85,158.11
284,51.965366,7.633862,0.17,01/19/2016 13:01:13 ,233,186,0.87,158.11
285,51.965370,7.633855,0.00,01/19/2016 13:01:14 ,36,152,0.86,156.59
286,51.965377,7.633845,0.00,01/19/2016 13:01:15 ,400,166,0.85,156.59
287,51.965377,7.633847,0.00,01/19/2016 13:01:16 ,16,85,0.84,156.33
288,51.965377,7.633847,0.00,01/19/2016 13:01:17 ,16,105,0.88,156.59
289,51.965377,7.633847,0.00,01/19/2016 13:01:18 ,195,145,0.91,155.15
290,51.965366,7.633832,0.46,01/19/2016 13:01:20 ,73,284,0.61,156.08
291,51.965377,7.633822,0.00,01/19/2016 13:01:21 ,148,214,0.90,156.33
292,51.965385,7.633808,0.00,01/19/2016 13:01:22 ,23,220,0.75,155.66
293,51.965393,7.633788,0.00,01/19/2016 13:01:23 ,220,187,0.66,156.08
294,51.965400,7.633762,4.48,01/19/2016 13:01:24 ,129,171,0.83,156.08
295,51.965412,7.633733,4.48,01/19/2016 13:01:25 ,255,118,0.80,155.66
296,51.965423,7.633735,2.22,01/19/2016 13:01:26 ,268,111,0.86,154.90
297,51.965431,7.633717,0.00,01/19/2016 13:01:27 ,224,229,0.28,154.90
298,51.965435,7.633715,0.00,01/19/2016 13:01:28 ,60,352,0.05,155.15
299,51.965438,7.633715,0.00,01/19/2016 13:01:29 ,158,352,0.00,156.08
300,51.965438,7.633715,0.00,01/19/2016 13:01:30 ,200,258,0.03,155.83
301,51.965438,7.633715,0.00,01/19/2016 13:01:31 ,298,375,0.05,155.66
302,51.965438,7.633715,0.00,01/19/2016 13:01:33 ,254,487,0.02,155.66
303,51.965438,7.633715,0.00,01/19/2016 13:01:34 ,171,476,0.08,155.15
304,51.965438,7.633715,0.00,01/19/2016 13:01:35 ,185,476,0.16,155.83
305,51.965438,7.633715,0.00,01/19/2016 13:01:36 ,154,476,0.02,155.66
306,51.965438,7.633715,0.00,01/19/2016 13:01:37 ,17,476,0.06,154.90
307,51.965438,7.633715,0.00,01/19/2016 13:01:38 ,305,464,0.09,155.66
308,51.965438,7.633715,0.00,01/19/2016 13:01:39 ,188,464,0.03,155.83
309,51.965438,7.633715,0.00,01/19/2016 13:01:40 ,262,464,0.08,156.08
310,51.965438,7.633715,0.00,01/19/2016 13:01:41 ,18,453,0.02,156.59
311,51.965438,7.633715,0.00,01/19/2016 13:01:42 ,61,482,0.09,156.33
312,51.965438,7.633715,0.00,01/19/2016 13:01:43 ,44,482,0.05,156.84
313,51.965438,7.633715,0.00,01/19/2016 13:01:45 ,17,453,0.09,156.33
314,51.965438,7.633715,0.00,01/19/2016 13:01:46 ,18,453,0.08,156.84
315,51.965438,7.633715,0.00,01/19/2016 13:01:47 ,185,453,0.03,156.84
316,51.965438,7.633715,0.00,01/19/2016 13:01:48 ,133,453,0.00,157.09
317,51.965438,7.633715,0.00,01/19/2016 13:01:49 ,117,471,0.02,157.60
318,51.965438,7.633715,0.00,01/19/2016 13:01:50 ,46,471,0.06,156.84
319,51.965438,7.633715,0.00,01/19/2016 13:01:51 ,21,471,0.05,157.60
320,51.965438,7.633715,0.00,01/19/2016 13:01:52 ,335,453,0.00,156.84
321,51.965438,7.633715,0.00,01/19/2016 13:01:53 ,120,471,0.05,157.60
322,51.965438,7.633715,0.00,01/19/2016 13:01:54 ,90,441,0.09,157.09
323,51.965438,7.633715,0.00,01/19/2016 13:01:55 ,100,441,0.00,156.59
324,51.965438,7.633715,0.00,01/19/2016 13:01:57 ,89,471,0.08,157.60
325,51.965438,7.633715,0.00,01/19/2016 13:01:58 ,128,471,0.03,156.59
326,51.965438,7.633715,0.00,01/19/2016 13:01:59 ,56,471,0.00,156.33
327,51.965438,7.633715,0.00,01/19/2016 13:02:00 ,233,471,0.08,157.09
328,51.965438,7.633715,0.00,01/19/2016 13:02:01 ,164,459,0.11,156.59
329,51.965438,7.633715,0.00,01/19/2016 13:02:02 ,219,441,0.08,157.09
330,51.965438,7.633715,0.00,01/19/2016 13:02:03 ,757,347,0.05,157.09
331,51.965450,7.633712,7.80,01/19/2016 13:02:04 ,758,432,0.09,157.35
332,51.965473,7.633703,10.28,01/19/2016 13:02:05 ,18,668,0.02,158.62
333,51.965496,7.633702,10.82,01/19/2016 13:02:06 ,757,775,0.02,158.36
334,51.965526,7.633692,14.50,01/19/2016 13:02:07 ,54,966,0.05,159.63
335,51.965591,7.633643,14.56,01/19/2016 13:02:09 ,18,890,0.36,159.12
336,51.965629,7.633625,13.85,01/19/2016 13:02:10 ,545,517,0.14,159.38
337,51.965671,7.633603,16.17,01/19/2016 13:02:11 ,757,429,0.25,159.88
338,51.965728,7.633567,16.17,01/19/2016 13:02:12 ,18,325,0.28,159.63
339,51.965797,7.633530,30.67,01/19/2016 13:02:13 ,757,362,0.17,160.14
340,51.965862,7.633487,31.69,01/19/2016 13:02:14 ,757,568,0.27,160.64
341,51.965934,7.633442,33.82,01/19/2016 13:02:15 ,758,561,0.11,160.39
342,51.966011,7.633387,35.43,01/19/2016 13:02:16 ,18,511,0.23,159.88
343,51.966087,7.633328,34.72,01/19/2016 13:02:17 ,18,510,0.20,160.39
344,51.966152,7.633305,33.89,01/19/2016 13:02:18 ,18,556,0.11,161.41
345,51.966224,7.633273,35.08,01/19/2016 13:02:19 ,18,314,0.05,160.90
346,51.966373,7.633187,38.17,01/19/2016 13:02:21 ,18,426,0.19,161.91
347,51.966457,7.633132,41.48,01/19/2016 13:02:22 ,547,321,1.06,161.41
348,51.966537,7.633070,43.23,01/19/2016 13:02:23 ,254,329,1.13,161.66
349,51.966598,7.633027,45.76,01/19/2016 13:02:24 ,197,302,0.17,161.15
350,51.966663,7.632970,42.52,01/19/2016 13:02:25 ,356,313,1.15,160.64
351,51.966743,7.632898,47.28,01/19/2016 13:02:26 ,405,296,0.27,161.15
352,51.966808,7.632830,51.52,01/19/2016 13:02:27 ,18,370,0.33,160.64
353,51.966880,7.632762,49.19,01/19/2016 13:02:28 ,189,323,1.00,161.15
354,51.966979,7.632655,49.97,01/19/2016 13:02:29 ,278,283,0.19,160.14
355,51.967079,7.632553,50.37,01/19/2016 13:02:30 ,18,385,0.33,160.14
356,51.967124,7.632515,45.10,01/19/2016 13:02:31 ,758,338,0.33,160.14
357,51.967201,7.632422,43.56,01/19/2016 13:02:32 ,432,502,0.25,160.64
358,51.967327,7.632308,45.00,01/19/2016 13:02:34 ,78,370,1.10,161.15
359,51.967372,7.632277,47.78,01/19/2016 13:02:35 ,19,341,0.28,161.15
360,51.967445,7.632197,49.04,01/19/2016 13:02:36 ,397,278,1.01,160.39
361,51.967536,7.632097,49.15,01/19/2016 13:02:37 ,758,442,0.89,160.64
362,51.967594,7.632032,41.28,01/19/2016 13:02:38 ,535,462,0.92,160.64
363,51.967651,7.631970,42.15,01/19/2016 13:02:39 ,47,341,0.23,159.88
364,51.967723,7.631900,44.47,01/19/2016 13:02:40 ,758,259,0.72,159.88
365,51.967777,7.631863,43.28,01/19/2016 13:02:41 ,759,530,0.88,159.12
366,51.967842,7.631798,42.34,01/19/2016 13:02:42 ,759,447,0.92,159.88
367,51.967895,7.631747,42.67,01/19/2016 13:02:43 ,19,426,0.57,158.87
368,51.967918,7.631732,39.89,01/19/2016 13:02:44 ,602,471,0.68,158.87
369,51.967987,7.631653,44.23,01/19/2016 13:02:46 ,757,426,0.46,159.63
370,51.967983,7.631635,37.85,01/19/2016 13:02:47 ,758,390,1.05,159.63
371,51.967998,7.631578,31.87,01/19/2016 13:02:48 ,19,432,0.92,159.63
372,51.968006,7.631515,31.87,01/19/2016 13:02:49 ,19,609,1.04,160.14
373,51.967987,7.631483,28.69,01/19/2016 13:02:50 ,18,660,0.55,159.12
374,51.967990,7.631438,27.26,01/19/2016 13:02:51 ,759,624,0.25,158.11
375,51.967979,7.631397,23.82,01/19/2016 13:02:52 ,162,441,1.24,158.11
376,51.967990,7.631333,23.22,01/19/2016 13:02:53 ,19,398,0.31,158.36
377,51.967998,7.631285,23.22,01/19/2016 13:02:54 ,19,372,0.29,158.11
378,51.967998,7.631223,24.78,01/19/2016 13:02:55 ,758,124,2.00,157.85
379,51.967998,7.631150,23.39,01/19/2016 13:02:56 ,19,275,1.09,158.11
380,51.967983,7.631040,21.84,01/19/2016 13:02:58 ,19,389,0.65,157.60
381,51.967971,7.630983,18.09,01/19/2016 13:02:59 ,22,252,0.86,158.11
382,51.967964,7.630913,17.72,01/19/2016 13:03:00 ,759,316,0.88,158.11
383,51.967960,7.630828,17.72,01/19/2016 13:03:01 ,19,248,0.51,158.62
384,51.967952,7.630753,20.67,01/19/2016 13:03:02 ,19,255,0.56,159.88
385,51.967945,7.630665,21.00,01/19/2016 13:03:03 ,19,210,0.74,158.62
386,51.967929,7.630588,21.78,01/19/2016 13:03:04 ,303,341,0.98,158.36
387,51.967918,7.630497,19.06,01/19/2016 13:03:05 ,19,380,1.16,158.87
388,51.967918,7.630417,15.17,01/19/2016 13:03:06 ,19,450,0.69,158.62
389,51.967918,7.630343,11.96,01/19/2016 13:03:07 ,623,398,0.17,157.60
390,51.967918,7.630285,10.98,01/19/2016 13:03:08 ,20,338,0.08,156.84
391,51.967903,7.630202,10.28,01/19/2016 13:03:10 ,284,332,0.56,158.11
392,51.967887,7.630155,12.63,01/19/2016 13:03:11 ,19,395,0.88,158.11
393,51.967880,7.630107,11.65,01/19/2016 13:03:12 ,22,475,0.22,157.60
394,51.967872,7.630057,11.65,01/19/2016 13:03:13 ,619,396,1.43,157.85
395,51.967864,7.629995,14.00,01/19/2016 13:03:14 ,759,374,0.63,158.36
396,51.967857,7.629930,15.58,01/19/2016 13:03:15 ,19,270,0.81,158.62
397,51.967849,7.629862,17.74,01/19/2016 13:03:16 ,20,353,1.58,158.62
398,51.967834,7.629783,18.93,01/19/2016 13:03:17 ,20,338,1.57,158.36
399,51.967823,7.629703,21.26,01/19/2016 13:03:18 ,20,446,0.14,158.62
400,51.967815,7.629615,22.39,01/19/2016 13:03:19 ,20,226,0.13,158.87
401,51.967807,7.629523,24.28,01/19/2016 13:03:20 ,20,239,0.22,159.63
402,51.967784,7.629377,20.21,01/19/2016 13:03:22 ,759,293,0.14,158.87
403,51.967769,7.629287,22.04,01/19/2016 13:03:23 ,760,374,0.68,159.63
404,51.967754,7.629198,22.09,01/19/2016 13:03:24 ,759,356,0.09,158.11
405,51.967742,7.629110,23.82,01/19/2016 13:03:25 ,20,387,0.48,158.87
406,51.967735,7.629022,22.45,01/19/2016 13:03:26 ,759,462,0.13,159.12
407,51.967723,7.628932,22.74,01/19/2016 13:03:27 ,20,309,0.09,159.63
408,51.967716,7.628837,24.11,01/19/2016 13:03:28 ,20,423,0.97,159.88
409,51.967700,7.628735,27.35,01/19/2016 13:03:29 ,760,418,0.75,159.63
410,51.967681,7.628632,25.28,01/19/2016 13:03:30 ,21,171,0.34,159.88
411,51.967666,7.628535,24.58,01/19/2016 13:03:31 ,705,267,1.30,159.12
412,51.967655,7.628435,25.11,01/19/2016 13:03:32 ,476,256,0.75,161.15
413,51.967647,7.628228,25.93,01/19/2016 13:03:34 ,759,273,1.24,160.39
414,51.967639,7.628110,29.11,01/19/2016 13:03:35 ,20,248,0.55,160.39
415,51.967617,7.628025,31.15,01/19/2016 13:03:36 ,20,259,0.99,160.14
416,51.967590,7.627930,31.15,01/19/2016 13:03:37 ,760,323,1.65,160.14
417,51.967571,7.627835,27.17,01/19/2016 13:03:38 ,20,283,0.35,160.14
418,51.967555,7.627745,25.48,01/19/2016 13:03:39 ,760,337,0.38,160.14
419,51.967540,7.627642,30.06,01/19/2016 13:03:40 ,20,202,1.03,160.39
420,51.967521,7.627560,25.32,01/19/2016 13:03:41 ,760,283,1.25,160.14
421,51.967494,7.627472,24.13,01/19/2016 13:03:42 ,761,150,0.91,160.39
422,51.967487,7.627385,23.09,01/19/2016 13:03:43 ,218,186,0.98,159.38
423,51.967475,7.627305,21.26,01/19/2016 13:03:44 ,20,196,0.51,159.88
424,51.967449,7.627148,21.32,01/19/2016 13:03:46 ,20,210,0.90,160.14
425,51.967441,7.627068,20.22,01/19/2016 13:03:47 ,670,199,1.38,160.14
426,51.967430,7.626983,20.85,01/19/2016 13:03:48 ,21,199,1.02,161.15
427,51.967422,7.626892,20.85,01/19/2016 13:03:49 ,20,187,0.33,159.88
428,51.967407,7.626808,20.69,01/19/2016 13:03:50 ,497,267,0.41,160.64
429,51.967391,7.626725,22.52,01/19/2016 13:03:51 ,21,340,0.47,160.90
430,51.967380,7.626640,24.21,01/19/2016 13:03:52 ,473,234,1.74,160.14
431,51.967372,7.626552,23.26,01/19/2016 13:03:53 ,20,246,0.65,161.91
432,51.967365,7.626470,20.96,01/19/2016 13:03:54 ,20,207,0.85,161.66
433,51.967357,7.626385,21.45,01/19/2016 13:03:55 ,760,273,0.47,161.91
434,51.967342,7.626297,25.58,01/19/2016 13:03:56 ,21,301,0.25,162.17
435,51.967308,7.626115,25.48,01/19/2016 13:03:58 ,760,233,0.77,160.90
436,51.967288,7.626032,22.15,01/19/2016 13:03:59 ,760,192,0.79,161.15
437,51.967273,7.625950,21.15,01/19/2016 13:04:00 ,20,174,0.32,161.15
438,51.967250,7.625885,23.71,01/19/2016 13:04:01 ,21,194,0.84,161.15
439,51.967231,7.625800,20.06,01/19/2016 13:04:02 ,21,223,0.74,161.91
440,51.967216,7.625723,19.39,01/19/2016 13:04:03 ,20,290,0.40,161.15
441,51.967208,7.625645,19.33,01/19/2016 13:04:04 ,404,241,0.61,161.41
442,51.967197,7.625562,19.45,01/19/2016 13:04:05 ,21,265,0.66,161.15
443,51.967189,7.625478,18.74,01/19/2016 13:04:06 ,21,234,0.51,161.15
444,51.967170,7.625405,18.09,01/19/2016 13:04:07 ,21,299,0.73,160.14
445,51.967166,7.625323,18.19,01/19/2016 13:04:08 ,761,207,1.11,160.14
446,51.967147,7.625180,16.91,01/19/2016 13:04:10 ,760,209,0.54,160.14
447,51.967144,7.625108,17.71,01/19/2016 13:04:11 ,21,366,0.40,160.90
448,51.967132,7.625033,17.78,01/19/2016 13:04:12 ,21,335,0.31,160.14
449,51.967121,7.624957,19.19,01/19/2016 13:04:13 ,21,314,0.62,160.64
450,51.967109,7.624880,19.61,01/19/2016 13:04:14 ,413,178,0.96,160.14
451,51.967090,7.624800,19.72,01/19/2016 13:04:15 ,761,220,0.78,160.14
452,51.967079,7.624723,19.69,01/19/2016 13:04:16 ,761,281,0.84,160.14
453,51.967071,7.624643,19.78,01/19/2016 13:04:17 ,761,241,1.00,160.14
454,51.967056,7.624563,22.21,01/19/2016 13:04:18 ,690,264,0.54,160.39
455,51.967041,7.624483,20.56,01/19/2016 13:04:19 ,760,262,0.86,160.14
456,51.967025,7.624403,22.80,01/19/2016 13:04:20 ,53,218,0.34,160.14
457,51.966995,7.624238,21.13,01/19/2016 13:04:22 ,238,213,0.97,160.14
458,51.966983,7.624140,24.04,01/19/2016 13:04:23 ,221,273,0.58,159.12
459,51.966968,7.624065,25.69,01/19/2016 13:04:24 ,21,291,0.89,159.88
460,51.966953,7.623985,22.45,01/19/2016 13:04:25 ,344,303,0.50,159.38
461,51.966926,7.623907,21.37,01/19/2016 13:04:26 ,309,200,0.49,159.63
462,51.966915,7.623830,20.63,01/19/2016 13:04:27 ,200,194,0.72,159.12
463,51.966903,7.623753,18.33,01/19/2016 13:04:28 ,308,285,0.71,159.38
464,51.966907,7.623682,17.21,01/19/2016 13:04:29 ,21,205,0.32,158.11
465,51.966903,7.623622,13.28,01/19/2016 13:04:30 ,437,256,2.00,158.11
466,51.966899,7.623575,9.57,01/19/2016 13:04:31 ,21,259,0.74,159.12
467,51.966896,7.623512,8.61,01/19/2016 13:04:33 ,21,299,1.19,159.63
468,51.966896,7.623478,7.33,01/19/2016 13:04:34 ,655,349,0.38,158.36
469,51.966892,7.623437,9.22,01/19/2016 13:04:35 ,170,380,0.80,158.62
470,51.966892,7.623388,9.22,01/19/2016 13:04:36 ,761,444,0.61,159.12
471,51.966892,7.623345,10.02,01/19/2016 13:04:37 ,178,383,2.00,159.63
472,51.966896,7.623318,8.43,01/19/2016 13:04:38 ,761,316,0.74,159.38
473,51.966907,7.623292,7.24,01/19/2016 13:04:39 ,573,396,0.66,160.14
474,51.966930,7.623278,9.33,01/19/2016 13:04:40 ,762,405,1.07,159.63
475,51.966953,7.623277,13.17,01/19/2016 13:04:41 ,762,287,1.39,159.63
476,51.966987,7.623248,13.98,01/19/2016 13:04:42 ,537,465,0.51,160.64
477,51.967014,7.623213,13.41,01/19/2016 13:04:43 ,761,575,0.46,160.14
478,51.967063,7.623123,14.00,01/19/2016 13:04:45 ,22,473,0.36,160.39
479,51.967094,7.623070,14.65,01/19/2016 13:04:46 ,761,252,1.21,161.15
480,51.967121,7.623018,16.41,01/19/2016 13:04:47 ,22,319,0.53,162.17
481,51.967147,7.622963,16.41,01/19/2016 13:04:48 ,761,329,0.20,161.66
482,51.967170,7.622900,18.19,01/19/2016 13:04:49 ,22,416,0.44,161.66
483,51.967201,7.622837,18.82,01/19/2016 13:04:50 ,131,376,0.48,162.93
484,51.967220,7.622775,18.87,01/19/2016 13:04:51 ,761,418,1.21,161.15
485,51.967239,7.622720,16.74,01/19/2016 13:04:52 ,762,363,0.91,161.91
486,51.967254,7.622660,16.24,01/19/2016 13:04:53 ,432,261,0.62,161.41
487,51.967254,7.622602,18.61,01/19/2016 13:04:54 ,354,338,0.58,160.39
488,51.967277,7.622522,24.43,01/19/2016 13:04:55 ,22,487,0.66,161.41
489,51.967319,7.622385,20.00,01/19/2016 13:04:57 ,762,466,0.35,160.90
490,51.967346,7.622320,20.15,01/19/2016 13:04:58 ,22,553,1.76,161.66
491,51.967353,7.622268,15.82,01/19/2016 13:04:59 ,22,519,0.57,162.42
492,51.967353,7.622218,10.82,01/19/2016 13:05:00 ,762,326,0.11,161.15
493,51.967361,7.622167,12.45,01/19/2016 13:05:01 ,59,319,0.11,161.66
494,51.967372,7.622100,16.19,01/19/2016 13:05:02 ,761,352,0.18,160.39
495,51.967388,7.622023,19.26,01/19/2016 13:05:03 ,22,273,0.04,159.63
496,51.967399,7.621950,17.65,01/19/2016 13:05:04 ,22,240,0.26,161.15
497,51.967407,7.621885,14.91,01/19/2016 13:05:05 ,183,244,0.98,160.39
498,51.967422,7.621815,12.32,01/19/2016 13:05:06 ,23,434,1.99,159.63
499,51.967449,7.621637,20.48,01/19/2016 13:05:08 ,762,498,0.71,159.88
500,51.967449,7.621558,17.98,01/19/2016 13:05:09 ,22,444,0.42,158.11
501,51.967449,7.621477,15.04,01/19/2016 13:05:10 ,74,329,0.35,159.63
502,51.967449,7.621397,15.04,01/19/2016 13:05:11 ,23,346,0.39,159.88
503,51.967449,7.621315,14.04,01/19/2016 13:05:12 ,22,273,0.60,159.12
504,51.967456,7.621243,15.87,01/19/2016 13:05:13 ,632,293,1.28,158.87
505,51.967464,7.621175,14.24,01/19/2016 13:05:14 ,22,449,0.84,158.87
506,51.967475,7.621088,15.45,01/19/2016 13:05:15 ,22,94,0.05,158.11
507,51.967479,7.621012,15.56,01/19/2016 13:05:16 ,22,292,1.29,159.12
508,51.967475,7.620935,15.45,01/19/2016 13:05:17 ,762,405,0.55,158.36
509,51.967479,7.620862,12.78,01/19/2016 13:05:18 ,761,538,0.31,157.60
510,51.967487,7.620743,11.06,01/19/2016 13:05:20 ,63,552,0.60,156.33
511,51.967521,7.620682,12.06,01/19/2016 13:05:21 ,23,493,0.96,156.59
512,51.967567,7.620620,19.65,01/19/2016 13:05:22 ,22,409,0.68,157.60
513,51.967613,7.620550,19.65,01/19/2016 13:05:23 ,762,317,0.31,157.60
514,51.967632,7.620468,21.17,01/19/2016 13:05:24 ,762,359,0.55,158.11
515,51.967639,7.620388,19.87,01/19/2016 13:05:25 ,761,390,0.53,158.11
516,51.967617,7.620298,19.21,01/19/2016 13:05:26 ,23,466,0.82,158.62
517,51.967601,7.620210,19.96,01/19/2016 13:05:27 ,592,160,0.35,158.87
518,51.967594,7.620120,19.98,01/19/2016 13:05:28 ,763,179,0.58,158.62
519,51.967590,7.620035,19.91,01/19/2016 13:05:29 ,624,64,0.46,159.12
520,51.967594,7.619952,19.87,01/19/2016 13:05:30 ,762,147,0.16,160.14
521,51.967590,7.619793,18.39,01/19/2016 13:05:32 ,23,340,0.89,159.12
522,51.967582,7.619707,19.59,01/19/2016 13:05:33 ,23,376,0.31,160.14
523,51.967575,7.619620,22.06,01/19/2016 13:05:34 ,558,363,0.89,159.88
524,51.967575,7.619530,21.78,01/19/2016 13:05:35 ,23,434,0.97,159.63
525,51.967571,7.619438,22.30,01/19/2016 13:05:36 ,323,473,1.05,159.88
526,51.967571,7.619347,22.32,01/19/2016 13:05:37 ,23,433,0.94,160.14
527,51.967563,7.619253,22.43,01/19/2016 13:05:38 ,23,442,0.68,160.14
528,51.967552,7.619157,22.54,01/19/2016 13:05:39 ,243,375,1.23,159.88
529,51.967544,7.619062,22.98,01/19/2016 13:05:40 ,254,543,0.59,159.88
530,51.967536,7.618967,22.87,01/19/2016 13:05:41 ,23,416,1.08,159.88
531,51.967525,7.618783,22.85,01/19/2016 13:05:43 ,306,520,0.87,160.14
532,51.967510,7.618690,22.85,01/19/2016 13:05:44 ,763,525,0.74,159.88
533,51.967517,7.618603,20.93,01/19/2016 13:05:45 ,763,374,0.60,160.14
534,51.967529,7.618522,20.93,01/19/2016 13:05:46 ,275,316,1.17,159.88
535,51.967559,7.618452,23.28,01/19/2016 13:05:47 ,762,392,0.55,160.14
536,51.967586,7.618378,22.93,01/19/2016 13:05:48 ,23,547,0.69,160.14
537,51.967617,7.618303,21.45,01/19/2016 13:05:49 ,23,595,0.81,159.12
538,51.967639,7.618235,18.72,01/19/2016 13:05:50 ,23,612,0.81,159.88
539,51.967655,7.618167,20.50,01/19/2016 13:05:51 ,23,563,1.11,158.87
540,51.967681,7.618100,20.02,01/19/2016 13:05:52 ,23,478,1.18,159.63
541,51.967697,7.618052,15.54,01/19/2016 13:05:53 ,714,385,1.14,158.62
542,51.967746,7.617948,18.50,01/19/2016 13:05:55 ,521,374,1.06,159.12
543,51.967758,7.617912,20.09,01/19/2016 13:05:56 ,306,364,0.51,158.87
544,51.967784,7.617848,17.35,01/19/2016 13:05:57 ,763,469,0.85,159.38
545,51.967803,7.617778,19.95,01/19/2016 13:05:58 ,758,453,0.85,159.88
546,51.967830,7.617702,21.41,01/19/2016 13:05:59 ,438,480,0.90,158.11
547,51.967861,7.617637,18.56,01/19/2016 13:06:00 ,24,495,0.91,160.14
548,51.967884,7.617587,16.54,01/19/2016 13:06:01 ,763,327,0.72,160.39
549,51.967906,7.617555,15.13,01/19/2016 13:06:02 ,23,354,1.51,158.87
550,51.967929,7.617523,13.76,01/19/2016 13:06:03 ,23,236,0.07,158.36
551,51.967960,7.617482,14.33,01/19/2016 13:06:04 ,23,262,0.24,159.12
552,51.967987,7.617442,13.93,01/19/2016 13:06:05 ,763,426,0.73,158.11
553,51.968051,7.617348,15.09,01/19/2016 13:06:07 ,447,358,0.59,157.85
554,51.968082,7.617298,14.43,01/19/2016 13:06:08 ,23,181,0.46,158.11
555,51.968120,7.617248,14.43,01/19/2016 13:06:09 ,327,482,0.95,158.11
556,51.968151,7.617202,16.56,01/19/2016 13:06:10 ,763,619,0.64,157.85
557,51.968193,7.617132,16.67,01/19/2016 13:06:11 ,252,536,0.98,158.11
558,51.968189,7.617077,15.76,01/19/2016 13:06:12 ,397,634,1.04,158.11
559,51.968200,7.617003,16.48,01/19/2016 13:06:13 ,23,603,0.72,157.09
560,51.968196,7.616940,17.24,01/19/2016 13:06:14 ,144,482,0.95,157.60
561,51.968189,7.616870,18.76,01/19/2016 13:06:15 ,764,515,0.48,157.85
562,51.968162,7.616812,16.59,01/19/2016 13:06:16 ,763,491,1.43,158.36
563,51.968112,7.616690,17.85,01/19/2016 13:06:18 ,278,414,0.01,159.12
564,51.968097,7.616623,18.80,01/19/2016 13:06:19 ,23,343,0.68,158.62
565,51.968082,7.616545,19.80,01/19/2016 13:06:20 ,764,402,1.03,158.62
566,51.968063,7.616478,19.80,01/19/2016 13:06:21 ,24,416,0.69,157.85
567,51.968029,7.616442,16.50,01/19/2016 13:06:22 ,24,423,1.35,158.11
568,51.967994,7.616400,17.45,01/19/2016 13:06:23 ,764,395,0.50,158.62
569,51.967960,7.616353,17.11,01/19/2016 13:06:24 ,690,409,1.16,158.87
570,51.967933,7.616313,18.33,01/19/2016 13:06:25 ,23,401,1.20,159.12
571,51.967910,7.616237,18.76,01/19/2016 13:06:26 ,76,416,0.20,158.11
572,51.967887,7.616165,17.89,01/19/2016 13:06:27 ,763,468,1.66,159.12
573,51.967853,7.616112,18.28,01/19/2016 13:06:28 ,445,486,1.07,158.11
574,51.967792,7.616007,18.13,01/19/2016 13:06:30 ,24,451,1.41,158.87
575,51.967758,7.615952,15.95,01/19/2016 13:06:31 ,24,447,1.43,158.11
576,51.967727,7.615912,17.04,01/19/2016 13:06:32 ,24,436,1.11,157.85
577,51.967685,7.615888,16.52,01/19/2016 13:06:33 ,764,450,0.10,156.84
578,51.967639,7.615873,17.04,01/19/2016 13:06:34 ,298,468,0.07,157.09
579,51.967601,7.615853,15.30,01/19/2016 13:06:35 ,764,442,0.21,156.08
580,51.967552,7.615840,17.76,01/19/2016 13:06:36 ,764,450,0.27,156.08
581,51.967502,7.615818,17.87,01/19/2016 13:06:37 ,24,450,0.05,156.33
582,51.967472,7.615777,14.50,01/19/2016 13:06:38 ,24,466,0.97,156.33
583,51.967468,7.615713,10.74,01/19/2016 13:06:39 ,25,450,0.79,156.33
584,51.967460,7.615568,10.80,01/19/2016 13:06:41 ,24,442,0.84,155.83
585,51.967468,7.615508,6.80,01/19/2016 13:06:42 ,53,419,0.87,155.83
586,51.967472,7.615465,4.04,01/19/2016 13:06:43 ,24,409,0.85,156.84
587,51.967479,7.615452,4.04,01/19/2016 13:06:44 ,216,161,0.82,156.84
588,51.967487,7.615440,0.19,01/19/2016 13:06:45 ,320,442,0.88,156.59
589,51.967494,7.615428,0.00,01/19/2016 13:06:46 ,24,465,0.83,157.60
590,51.967494,7.615432,0.00,01/19/2016 13:06:47 ,348,448,0.82,157.60
591,51.967494,7.615435,0.00,01/19/2016 13:06:48 ,299,460,0.82,156.84
592,51.967494,7.615435,0.00,01/19/2016 13:06:49 ,321,442,0.81,157.60
593,51.967494,7.615435,0.00,01/19/2016 13:06:50 ,25,471,0.80,156.59
594,51.967494,7.615435,0.00,01/19/2016 13:06:51 ,45,471,0.81,158.11
595,51.967494,7.615435,0.00,01/19/2016 13:06:53 ,74,442,0.81,158.11
596,51.967494,7.615435,0.00,01/19/2016 13:06:54 ,275,453,0.80,158.62
597,51.967494,7.615435,0.00,01/19/2016 13:06:55 ,24,453,0.81,158.36
598,51.967494,7.615435,0.00,01/19/2016 13:06:56 ,139,453,0.82,159.12
599,51.967494,7.615435,0.00,01/19/2016 13:06:57 ,98,453,0.82,158.36
600,51.967494,7.615435,0.00,01/19/2016 13:06:58 ,25,453,0.81,158.62
601,51.967494,7.615435,0.00,01/19/2016 13:06:59 ,60,453,0.81,158.87
602,51.967494,7.615435,0.00,01/19/2016 13:07:00 ,145,453,0.80,159.12
603,51.967494,7.615435,0.00,01/19/2016 13:07:01 ,226,453,0.81,159.63
604,51.967494,7.615435,0.00,01/19/2016 13:07:02 ,24,436,0.81,160.14
605,51.967494,7.615435,0.00,01/19/2016 13:07:03 ,73,465,0.81,159.88
606,51.967494,7.615435,0.00,01/19/2016 13:07:05 ,135,465,0.81,159.88
607,51.967494,7.615435,0.00,01/19/2016 13:07:06 ,24,465,0.80,160.14
608,51.967494,7.615435,0.00,01/19/2016 13:07:07 ,126,465,0.80,160.39
609,51.967494,7.615435,0.00,01/19/2016 13:07:08 ,234,465,0.81,160.14
610,51.967494,7.615435,0.00,01/19/2016 13:07:09 ,358,465,0.81,159.63
611,51.967494,7.615435,0.00,01/19/2016 13:07:10 ,126,465,0.81,160.14
612,51.967494,7.615435,0.00,01/19/2016 13:07:11 ,239,465,0.81,160.14
613,51.967494,7.615435,0.00,01/19/2016 13:07:12 ,250,465,0.81,161.15
614,51.967494,7.615435,0.00,01/19/2016 13:07:13 ,254,465,0.81,160.90
615,51.967494,7.615435,0.00,01/19/2016 13:07:14 ,210,465,0.81,160.39
616,51.967494,7.615435,0.00,01/19/2016 13:07:16 ,61,465,0.82,161.91
617,51.967494,7.615435,0.00,01/19/2016 13:07:17 ,197,442,0.85,161.66
618,51.967494,7.615435,0.00,01/19/2016 13:07:18 ,90,465,0.80,160.90
619,51.967494,7.615435,0.00,01/19/2016 13:07:19 ,26,447,0.80,161.66
620,51.967494,7.615435,0.00,01/19/2016 13:07:20 ,170,465,0.80,161.91
621,51.967494,7.615435,0.00,01/19/2016 13:07:21 ,26,457,0.83,161.91
622,51.967494,7.615435,0.00,01/19/2016 13:07:22 ,277,474,0.83,161.91
623,51.967494,7.615435,0.00,01/19/2016 13:07:23 ,222,325,0.81,161.15
624,51.967494,7.615435,0.00,01/19/2016 13:07:24 ,25,359,0.81,162.17
625,51.967494,7.615435,0.00,01/19/2016 13:07:25 ,292,406,0.84,162.17
626,51.967494,7.615435,0.00,01/19/2016 13:07:26 ,26,395,0.82,162.17
627,51.967494,7.615435,0.00,01/19/2016 13:07:28 ,139,389,0.85,161.91
628,51.967494,7.615435,0.00,01/19/2016 13:07:29 ,28,457,0.75,163.43
629,51.967494,7.615435,0.00,01/19/2016 13:07:30 ,273,493,0.94,163.69
630,51.967494,7.615435,0.00,01/19/2016 13:07:31 ,25,437,0.65,162.67
631,51.967494,7.615435,0.00,01/19/2016 13:07:32 ,765,480,1.17,164.45
632,51.967464,7.615387,13.72,01/19/2016 13:07:33 ,699,506,1.67,164.20
633,51.967445,7.615332,14.70,01/19/2016 13:07:34 ,25,506,0.65,164.20
634,51.967422,7.615273,16.13,01/19/2016 13:07:35 ,26,491,0.36,164.20
635,51.967399,7.615212,16.98,01/19/2016 13:07:36 ,766,474,0.60,164.45
636,51.967388,7.615133,20.28,01/19/2016 13:07:37 ,25,467,1.13,164.96
637,51.967376,7.615050,17.96,01/19/2016 13:07:38 ,765,483,0.77,165.21
638,51.967353,7.614900,17.33,01/19/2016 13:07:40 ,55,483,0.78,164.96
639,51.967342,7.614825,16.98,01/19/2016 13:07:41 ,540,507,0.66,164.20
640,51.967334,7.614743,16.98,01/19/2016 13:07:42 ,715,498,0.91,164.20
641,51.967330,7.614660,19.37,01/19/2016 13:07:43 ,26,491,0.59,164.96
642,51.967327,7.614580,18.02,01/19/2016 13:07:44 ,77,513,0.68,165.21
643,51.967315,7.614505,19.33,01/19/2016 13:07:45 ,26,507,0.90,163.94
644,51.967311,7.614428,19.19,01/19/2016 13:07:46 ,205,491,0.84,164.45
645,51.967304,7.614353,18.63,01/19/2016 13:07:47 ,26,538,0.96,164.70
646,51.967292,7.614285,18.08,01/19/2016 13:07:48 ,766,513,0.93,164.96
647,51.967277,7.614212,23.61,01/19/2016 13:07:49 ,765,498,0.33,164.70
648,51.967250,7.614058,19.98,01/19/2016 13:07:51 ,26,458,1.96,163.43
649,51.967247,7.613977,18.33,01/19/2016 13:07:52 ,26,528,1.32,163.69
650,51.967239,7.613902,20.11,01/19/2016 13:07:53 ,765,441,0.93,163.18
651,51.967224,7.613848,20.11,01/19/2016 13:07:54 ,27,459,0.62,163.94
652,51.967208,7.613793,12.41,01/19/2016 13:07:55 ,26,513,0.89,163.18
653,51.967201,7.613737,17.17,01/19/2016 13:07:56 ,766,375,1.31,163.69
654,51.967197,7.613660,15.43,01/19/2016 13:07:57 ,26,459,0.05,162.42
655,51.967193,7.613585,15.50,01/19/2016 13:07:58 ,26,444,1.00,163.69
656,51.967189,7.613490,17.37,01/19/2016 13:07:59 ,766,523,0.98,161.66
657,51.967189,7.613398,19.87,01/19/2016 13:08:00 ,26,538,1.08,161.15
658,51.967193,7.613308,26.17,01/19/2016 13:08:01 ,26,507,1.06,160.90
659,51.967208,7.613148,17.30,01/19/2016 13:08:03 ,765,538,0.05,159.12
660,51.967220,7.613078,13.48,01/19/2016 13:08:04 ,766,473,0.52,158.87
661,51.967216,7.613010,20.32,01/19/2016 13:08:05 ,26,453,0.33,159.12
662,51.967227,7.612937,9.24,01/19/2016 13:08:06 ,766,506,0.97,158.11
663,51.967224,7.612880,14.58,01/19/2016 13:08:07 ,765,460,0.93,156.33
664,51.967216,7.612822,12.45,01/19/2016 13:08:08 ,26,372,0.11,158.11
665,51.967193,7.612787,11.87,01/19/2016 13:08:09 ,26,471,0.63,157.35
666,51.967159,7.612785,17.41,01/19/2016 13:08:10 ,481,428,0.56,156.84
667,51.967128,7.612772,17.45,01/19/2016 13:08:11 ,26,486,1.22,156.33
668,51.967109,7.612720,16.24,01/19/2016 13:08:12 ,26,513,0.62,157.09
669,51.967121,7.612633,11.35,01/19/2016 13:08:13 ,766,569,1.79,157.35
670,51.967121,7.612553,10.82,01/19/2016 13:08:15 ,765,543,1.36,157.09
671,51.967113,7.612540,7.93,01/19/2016 13:08:16 ,26,506,0.14,156.59
672,51.967105,7.612507,7.93,01/19/2016 13:08:17 ,766,483,0.08,155.15
673,51.967109,7.612443,9.70,01/19/2016 13:08:18 ,27,507,1.41,155.15
674,51.967090,7.612378,14.46,01/19/2016 13:08:19 ,26,486,0.21,154.64
675,51.967075,7.612362,13.59,01/19/2016 13:08:20 ,26,465,1.01,154.14
676,51.967056,7.612325,15.54,01/19/2016 13:08:21 ,400,511,2.00,155.15
677,51.967014,7.612310,27.85,01/19/2016 13:08:22 ,26,518,0.20,154.64
678,51.966968,7.612352,33.37,01/19/2016 13:08:23 ,766,564,1.94,154.39
679,51.966911,7.612425,30.71,01/19/2016 13:08:24 ,26,523,1.22,154.90
680,51.966808,7.612537,28.82,01/19/2016 13:08:26 ,766,532,0.18,154.39
681,51.966743,7.612602,29.50,01/19/2016 13:08:27 ,766,405,0.73,153.63
682,51.966678,7.612647,31.63,01/19/2016 13:08:28 ,26,455,1.15,153.12
683,51.966625,7.612683,31.63,01/19/2016 13:08:29 ,766,507,0.15,153.88
684,51.966567,7.612707,26.06,01/19/2016 13:08:30 ,27,491,0.89,154.14
685,51.966529,7.612723,23.32,01/19/2016 13:08:31 ,27,528,0.43,154.39
686,51.966491,7.612733,22.34,01/19/2016 13:08:32 ,27,474,0.33,153.63
687,51.966449,7.612742,21.35,01/19/2016 13:08:33 ,26,480,0.56,154.39
688,51.966423,7.612733,15.56,01/19/2016 13:08:34 ,767,478,0.34,153.12
689,51.966396,7.612707,19.26,01/19/2016 13:08:35 ,766,444,1.09,153.63
690,51.966388,7.612663,12.87,01/19/2016 13:08:36 ,766,387,1.02,154.14
691,51.966438,7.612517,8.41,01/19/2016 13:08:38 ,644,491,0.23,154.14
692,51.966560,7.612300,4.30,01/19/2016 13:08:39 ,648,620,1.76,154.90
693,51.966590,7.612215,4.30,01/19/2016 13:08:40 ,766,567,0.89,153.63
694,51.966629,7.612113,4.30,01/19/2016 13:08:41 ,767,475,1.36,153.38
695,51.966670,7.612000,20.71,01/19/2016 13:08:42 ,27,450,0.71,153.63
696,51.966712,7.611885,26.69,01/19/2016 13:08:43 ,629,538,1.04,152.36
697,51.966754,7.611760,25.76,01/19/2016 13:08:44 ,767,554,1.00,153.38
698,51.966846,7.611575,25.65,01/19/2016 13:08:45 ,242,509,1.76,153.12
699,51.967006,7.611310,25.95,01/19/2016 13:08:46 ,620,529,1.47,152.11
700,51.967193,7.611137,18.48,01/19/2016 13:08:47 ,766,524,1.55,152.11
701,51.967243,7.611005,14.80,01/19/2016 13:08:48 ,110,534,1.09,151.35
702,51.967372,7.610660,26.93,01/19/2016 13:08:50 ,378,529,1.38,151.60
703,51.967483,7.610443,20.59,01/19/2016 13:08:51 ,27,514,0.72,150.84
704,51.967517,7.610308,20.59,01/19/2016 13:08:52 ,453,570,1.09,150.17
705,51.967544,7.610188,10.48,01/19/2016 13:08:53 ,766,518,0.72,150.17
706,51.967536,7.610138,7.26,01/19/2016 13:08:54 ,766,543,0.81,148.39
707,51.967521,7.610080,13.08,01/19/2016 13:08:55 ,105,522,0.32,148.39
708,51.967491,7.610010,17.61,01/19/2016 13:08:56 ,767,491,0.87,146.96
709,51.967449,7.609983,19.69,01/19/2016 13:08:57 ,27,528,0.92,147.21
710,51.967456,7.609922,22.69,01/19/2016 13:08:58 ,438,498,0.75,147.21
711,51.967369,7.609953,35.08,01/19/2016 13:08:59 ,269,471,0.03,145.69
712,51.967136,7.610065,51.32,01/19/2016 13:09:01 ,27,498,0.31,146.20
713,51.967010,7.610163,52.45,01/19/2016 13:09:02 ,270,513,0.91,144.93
714,51.966911,7.610242,55.86,01/19/2016 13:09:03 ,27,465,0.58,145.18
715,51.966796,7.610297,55.86,01/19/2016 13:09:04 ,27,418,0.98,144.68
716,51.966686,7.610375,50.63,01/19/2016 13:09:05 ,766,513,0.89,142.91
717,51.966632,7.610452,51.84,01/19/2016 13:09:06 ,209,493,1.24,142.65
718,51.966625,7.610438,58.47,01/19/2016 13:09:07 ,766,493,1.16,141.89
719,51.966545,7.610470,71.23,01/19/2016 13:09:08 ,767,513,0.65,142.65
720,51.966960,7.609828,85.27,01/19/2016 13:09:09 ,146,518,1.53,141.39
721,51.967487,7.609187,81.12,01/19/2016 13:09:10 ,27,493,1.03,141.39
722,51.967239,7.608958,80.06,01/19/2016 13:09:11 ,402,493,1.04,141.89
723,51.966972,7.609132,79.04,01/19/2016 13:09:13 ,767,379,1.23,142.65
724,51.966876,7.609172,71.64,01/19/2016 13:09:14 ,220,488,1.27,142.15
725,51.966800,7.609213,71.64,01/19/2016 13:09:15 ,27,493,0.91,141.64
726,51.966728,7.609260,71.99,01/19/2016 13:09:16 ,27,453,0.14,141.89
727,51.966632,7.609215,74.28,01/19/2016 13:09:17 ,27,507,0.18,140.63
728,51.966552,7.609228,69.47,01/19/2016 13:09:18 ,27,498,0.77,140.46
729,51.966464,7.609275,71.65,01/19/2016 13:09:19 ,28,405,0.61,141.13
730,51.968566,7.606295,54.84,01/19/2016 13:09:20 ,27,473,0.71,139.45
731,51.968532,7.606145,28.28,01/19/2016 13:09:21 ,587,528,0.80,140.21
732,51.968555,7.605560,25.80,01/19/2016 13:09:22 ,26,507,0.77,139.45
733,51.968494,7.605753,19.82,01/19/2016 13:09:24 ,27,513,0.70,138.94
734,51.968441,7.605710,24.32,01/19/2016 13:09:25 ,346,507,1.05,138.94
735,51.968406,7.605662,24.95,01/19/2016 13:09:26 ,27,482,0.55,138.18
736,51.968391,7.605625,24.95,01/19/2016 13:09:27 ,766,531,0.93,138.43
737,51.968364,7.605602,31.54,01/19/2016 13:09:28 ,27,553,0.79,137.93
738,51.968349,7.605553,28.72,01/19/2016 13:09:29 ,28,467,0.03,137.68
739,51.968429,7.605410,13.95,01/19/2016 13:09:30 ,767,489,0.95,136.66
740,51.968399,7.605335,22.39,01/19/2016 13:09:31 ,487,578,0.85,136.66
741,51.968368,7.605267,22.95,01/19/2016 13:09:32 ,28,522,0.98,135.14
742,51.968364,7.605188,24.78,01/19/2016 13:09:33 ,28,484,0.79,135.40
743,51.968345,7.605130,12.59,01/19/2016 13:09:34 ,28,492,0.52,133.12
744,51.968399,7.604973,18.02,01/19/2016 13:09:36 ,28,489,0.24,134.64
745,51.968425,7.604878,23.02,01/19/2016 13:09:37 ,685,489,0.28,134.39
746,51.968414,7.604823,18.61,01/19/2016 13:09:38 ,28,442,1.97,134.39
747,51.968479,7.604673,12.06,01/19/2016 13:09:39 ,129,501,0.29,134.13
748,51.968521,7.604548,10.57,01/19/2016 13:09:40 ,27,511,0.75,133.12
749,51.968536,7.604475,11.07,01/19/2016 13:09:41 ,28,418,1.16,133.88
750,51.968555,7.604398,10.11,01/19/2016 13:09:42 ,28,418,0.79,133.63
751,51.968589,7.604302,10.06,01/19/2016 13:09:43 ,767,436,0.77,132.11
752,51.968627,7.604203,5.94,01/19/2016 13:09:44 ,27,541,0.58,133.12
753,51.968639,7.604135,5.98,01/19/2016 13:09:45 ,28,478,0.64,131.86
754,51.968673,7.604052,5.59,01/19/2016 13:09:46 ,28,426,0.05,132.87
755,51.968742,7.603872,7.26,01/19/2016 13:09:48 ,28,433,0.52,131.43
756,51.968776,7.603782,18.76,01/19/2016 13:09:49 ,28,364,0.42,131.86
757,51.968807,7.603692,18.76,01/19/2016 13:09:50 ,766,435,0.65,130.42
758,51.968845,7.603593,12.13,01/19/2016 13:09:51 ,28,402,0.12,129.92
759,51.968864,7.603520,12.11,01/19/2016 13:09:52 ,28,286,1.04,129.92
760,51.968872,7.603452,10.98,01/19/2016 13:09:53 ,28,320,0.94,129.92
761,51.968883,7.603410,4.63,01/19/2016 13:09:54 ,28,246,1.22,129.66
762,51.968902,7.603363,4.63,01/19/2016 13:09:55 ,734,361,0.78,129.41
763,51.968929,7.603312,2.78,01/19/2016 13:09:56 ,28,383,0.80,128.91
764,51.968936,7.603288,1.44,01/19/2016 13:09:57 ,415,267,1.12,130.42
765,51.968959,7.603248,3.37,01/19/2016 13:09:59 ,296,353,0.89,129.41
766,51.968971,7.603220,4.50,01/19/2016 13:10:00 ,152,358,0.85,130.17
767,51.968982,7.603198,0.22,01/19/2016 13:10:01 ,310,346,0.85,128.91
768,51.968986,7.603180,0.22,01/19/2016 13:10:02 ,327,340,0.84,130.68
769,51.968986,7.603168,0.00,01/19/2016 13:10:03 ,156,387,0.82,129.92
770,51.968986,7.603168,0.00,01/19/2016 13:10:04 ,175,387,0.82,131.43
771,51.968986,7.603168,0.00,01/19/2016 13:10:05 ,229,387,0.83,131.43
772,51.968986,7.603168,0.00,01/19/2016 13:10:06 ,98,387,0.83,132.11
773,51.968986,7.603168,0.00,01/19/2016 13:10:07 ,315,387,0.81,131.86
774,51.968986,7.603168,0.00,01/19/2016 13:10:08 ,292,387,0.84,131.86
775,51.968986,7.603168,0.00,01/19/2016 13:10:09 ,102,387,0.83,132.11
776,51.968986,7.603168,0.00,01/19/2016 13:10:11 ,28,369,0.81,132.36
777,51.968986,7.603168,0.00,01/19/2016 13:10:12 ,165,387,0.82,133.12
778,51.968986,7.603168,0.00,01/19/2016 13:10:13 ,37,387,0.84,133.12
779,51.968986,7.603168,0.00,01/19/2016 13:10:14 ,90,351,0.85,133.12
780,51.968986,7.603168,0.00,01/19/2016 13:10:15 ,314,351,0.81,133.12
781,51.968986,7.603168,0.00,01/19/2016 13:10:16 ,251,369,0.84,133.37
782,51.968986,7.603168,0.00,01/19/2016 13:10:17 ,148,369,0.83,133.63
783,51.968986,7.603168,0.00,01/19/2016 13:10:18 ,201,398,0.82,132.62
784,51.968986,7.603168,0.00,01/19/2016 13:10:19 ,189,398,0.84,133.88
785,51.968986,7.603168,0.00,01/19/2016 13:10:20 ,28,398,0.82,134.13
786,51.968986,7.603168,0.00,01/19/2016 13:10:21 ,29,398,0.83,133.88
787,51.968986,7.603168,0.00,01/19/2016 13:10:23 ,29,398,0.84,134.13
788,51.968986,7.603168,0.00,01/19/2016 13:10:24 ,29,398,0.83,134.39
789,51.968986,7.603168,0.00,01/19/2016 13:10:25 ,144,398,0.83,133.88
790,51.968986,7.603168,0.00,01/19/2016 13:10:26 ,35,380,0.83,134.13
791,51.968986,7.603168,0.00,01/19/2016 13:10:27 ,352,398,0.83,134.39
792,51.968986,7.603168,0.00,01/19/2016 13:10:28 ,137,398,0.82,134.89
793,51.968986,7.603168,0.00,01/19/2016 13:10:29 ,70,398,0.82,134.89
794,51.968986,7.603168,0.00,01/19/2016 13:10:30 ,398,398,0.85,135.90
795,51.968986,7.603168,0.00,01/19/2016 13:10:31 ,29,398,0.82,136.41
796,51.968986,7.603168,0.00,01/19/2016 13:10:32 ,34,398,0.83,135.90
797,51.968986,7.603168,0.00,01/19/2016 13:10:34 ,54,398,0.83,135.65
798,51.968986,7.603168,0.00,01/19/2016 13:10:35 ,29,380,0.86,136.41
799,51.968986,7.603168,0.00,01/19/2016 13:10:36 ,101,398,0.82,136.41
800,51.968986,7.603168,0.00,01/19/2016 13:10:37 ,120,398,0.82,137.17
801,51.968986,7.603168,0.00,01/19/2016 13:10:38 ,120,398,0.83,136.41
802,51.968986,7.603168,0.00,01/19/2016 13:10:39 ,29,369,0.82,136.41
803,51.968986,7.603168,0.00,01/19/2016 13:10:40 ,173,380,0.90,137.93
804,51.968986,7.603168,0.00,01/19/2016 13:10:41 ,29,447,0.41,137.17
805,51.968990,7.603157,6.26,01/19/2016 13:10:42 ,29,297,0.75,137.93
806,51.969001,7.603118,9.69,01/19/2016 13:10:43 ,221,349,1.00,138.18
807,51.969005,7.603072,10.33,01/19/2016 13:10:44 ,768,338,1.28,137.68
808,51.969017,7.602963,11.87,01/19/2016 13:10:46 ,399,320,1.34,137.93
809,51.969024,7.602907,12.19,01/19/2016 13:10:47 ,196,315,0.06,137.68
810,51.969032,7.602845,12.30,01/19/2016 13:10:48 ,29,330,0.97,137.68
811,51.969039,7.602780,12.30,01/19/2016 13:10:49 ,29,428,1.00,136.92
812,51.969051,7.602717,15.15,01/19/2016 13:10:50 ,768,487,0.35,136.41
813,51.969066,7.602653,16.85,01/19/2016 13:10:51 ,31,489,1.50,137.68
814,51.969089,7.602585,17.93,01/19/2016 13:10:52 ,29,364,0.58,137.42
815,51.969104,7.602513,18.00,01/19/2016 13:10:53 ,30,455,0.35,136.92
816,51.969123,7.602445,18.30,01/19/2016 13:10:54 ,30,456,0.16,137.68
817,51.969135,7.602370,19.22,01/19/2016 13:10:55 ,767,365,1.28,137.42
818,51.969146,7.602287,20.17,01/19/2016 13:10:56 ,768,456,0.98,136.41
819,51.969177,7.602117,21.78,01/19/2016 13:10:58 ,768,464,1.01,137.17
820,51.969192,7.602023,21.91,01/19/2016 13:10:59 ,29,520,0.18,136.66
821,51.969207,7.601930,21.91,01/19/2016 13:11:00 ,768,486,0.60,136.16
822,51.969226,7.601845,21.24,01/19/2016 13:11:01 ,29,428,0.98,135.14
823,51.969234,7.601758,22.09,01/19/2016 13:11:02 ,29,386,0.75,135.14
824,51.969253,7.601658,25.15,01/19/2016 13:11:03 ,29,356,0.32,135.40
825,51.969264,7.601558,23.78,01/19/2016 13:11:04 ,29,374,0.85,135.40
826,51.969280,7.601460,25.65,01/19/2016 13:11:05 ,769,364,0.67,134.39
827,51.969303,7.601363,24.37,01/19/2016 13:11:06 ,633,393,0.49,133.88
828,51.969329,7.601265,25.48,01/19/2016 13:11:07 ,30,346,0.81,132.87
829,51.969367,7.601063,25.91,01/19/2016 13:11:09 ,567,222,1.06,133.12
830,51.969383,7.600965,24.61,01/19/2016 13:11:10 ,768,286,1.15,133.63
831,51.969402,7.600868,23.28,01/19/2016 13:11:11 ,30,216,0.38,133.88
832,51.969429,7.600770,23.28,01/19/2016 13:11:12 ,312,299,0.27,132.87
833,51.969448,7.600677,23.13,01/19/2016 13:11:13 ,30,247,0.71,131.86
834,51.969463,7.600583,24.46,01/19/2016 13:11:14 ,767,331,0.59,133.12
835,51.969482,7.600490,21.82,01/19/2016 13:11:15 ,30,387,0.25,132.11
836,51.969512,7.600395,25.65,01/19/2016 13:11:16 ,769,267,1.15,132.11
837,51.969532,7.600305,22.15,01/19/2016 13:11:17 ,30,225,1.45,131.69
838,51.969547,7.600222,19.76,01/19/2016 13:11:18 ,769,321,0.91,132.11
839,51.969554,7.600148,17.45,01/19/2016 13:11:19 ,30,390,0.69,132.87
840,51.969585,7.599993,20.52,01/19/2016 13:11:21 ,30,423,1.09,130.93
841,51.969593,7.599918,20.21,01/19/2016 13:11:22 ,768,392,0.14,132.11
842,51.969608,7.599842,20.21,01/19/2016 13:11:23 ,30,338,0.90,131.86
843,51.969623,7.599770,16.78,01/19/2016 13:11:24 ,768,437,1.47,131.86
844,51.969635,7.599690,19.80,01/19/2016 13:11:25 ,30,414,0.84,131.86
845,51.969646,7.599608,19.76,01/19/2016 13:11:26 ,30,361,0.51,131.43
846,51.969665,7.599527,19.78,01/19/2016 13:11:27 ,769,405,1.09,130.93
847,51.969688,7.599438,20.59,01/19/2016 13:11:28 ,769,367,1.42,130.17
848,51.969711,7.599348,22.30,01/19/2016 13:11:29 ,30,467,0.41,130.68
849,51.969734,7.599260,22.32,01/19/2016 13:11:30 ,30,473,0.48,129.16
850,51.969760,7.599182,19.11,01/19/2016 13:11:31 ,569,381,0.53,128.74
851,51.969802,7.599013,20.04,01/19/2016 13:11:33 ,30,246,0.16,130.17
852,51.969818,7.598928,22.21,01/19/2016 13:11:34 ,30,324,0.15,128.23
853,51.969833,7.598840,22.21,01/19/2016 13:11:35 ,112,225,1.05,128.74
854,51.969844,7.598752,21.43,01/19/2016 13:11:36 ,769,239,1.24,127.47
855,51.969848,7.598668,18.85,01/19/2016 13:11:37 ,769,219,0.68,127.73
856,51.969863,7.598588,19.50,01/19/2016 13:11:38 ,769,191,1.77,127.47
857,51.969875,7.598503,22.96,01/19/2016 13:11:39 ,30,211,0.20,125.70
858,51.969882,7.598415,20.48,01/19/2016 13:11:40 ,32,386,0.17,125.70
859,51.969890,7.598333,20.08,01/19/2016 13:11:41 ,769,414,1.54,125.70
860,51.969913,7.598250,19.11,01/19/2016 13:11:42 ,768,422,0.88,124.27
861,51.969932,7.598087,19.46,01/19/2016 13:11:44 ,768,291,1.11,124.27
862,51.969944,7.598003,20.98,01/19/2016 13:11:45 ,769,428,0.75,124.27
863,51.969955,7.597922,21.80,01/19/2016 13:11:46 ,675,196,0.49,124.78
864,51.969963,7.597838,21.80,01/19/2016 13:11:47 ,442,363,0.41,125.28
865,51.969966,7.597770,15.04,01/19/2016 13:11:48 ,31,356,1.98,123.26
866,51.969966,7.597707,16.08,01/19/2016 13:11:49 ,31,413,0.34,123.26
867,51.969966,7.597633,18.00,01/19/2016 13:11:50 ,30,414,1.65,123.26
868,51.969974,7.597547,21.54,01/19/2016 13:11:51 ,769,356,1.40,123.01
869,51.969989,7.597467,16.76,01/19/2016 13:11:52 ,770,422,0.69,123.01
870,51.969993,7.597395,18.04,01/19/2016 13:11:53 ,30,446,1.32,121.74
871,51.970005,7.597332,16.33,01/19/2016 13:11:54 ,30,325,0.20,121.74
872,51.970031,7.597202,17.22,01/19/2016 13:11:56 ,30,409,0.18,123.01
873,51.970046,7.597142,14.65,01/19/2016 13:11:57 ,768,237,1.44,121.49
874,51.970058,7.597077,16.17,01/19/2016 13:11:58 ,118,155,1.37,120.99
875,51.970069,7.597015,16.17,01/19/2016 13:11:59 ,30,220,1.06,121.24
876,51.970069,7.596962,12.33,01/19/2016 13:12:00 ,31,316,0.76,122.00
877,51.970058,7.596913,10.82,01/19/2016 13:12:01 ,516,423,0.61,120.99
878,51.970046,7.596885,8.50,01/19/2016 13:12:02 ,30,368,0.90,121.49
879,51.970039,7.596870,5.43,01/19/2016 13:12:03 ,336,429,0.84,121.74
880,51.970031,7.596865,0.15,01/19/2016 13:12:04 ,31,429,0.82,122.00
881,51.970035,7.596860,0.00,01/19/2016 13:12:05 ,72,429,0.83,122.25
882,51.970039,7.596850,0.00,01/19/2016 13:12:07 ,31,411,0.75,122.25
883,51.970039,7.596850,0.00,01/19/2016 13:12:08 ,216,429,0.20,122.50
884,51.970020,7.596852,0.00,01/19/2016 13:12:09 ,769,455,0.83,122.50
885,51.969993,7.596853,0.00,01/19/2016 13:12:10 ,769,432,1.02,122.50
886,51.969955,7.596850,15.15,01/19/2016 13:12:11 ,635,409,0.83,123.26
887,51.969921,7.596843,13.80,01/19/2016 13:12:12 ,31,392,2.00,123.26
888,51.969879,7.596840,17.17,01/19/2016 13:12:13 ,31,409,1.16,123.01
889,51.969841,7.596833,13.63,01/19/2016 13:12:14 ,31,409,1.28,122.50
890,51.969810,7.596815,11.80,01/19/2016 13:12:15 ,31,354,1.25,122.25
891,51.969791,7.596793,9.04,01/19/2016 13:12:16 ,770,389,1.08,121.74
892,51.969783,7.596772,6.17,01/19/2016 13:12:17 ,176,358,0.79,121.49
893,51.969783,7.596770,0.00,01/19/2016 13:12:19 ,83,262,0.76,120.99
894,51.969783,7.596772,0.00,01/19/2016 13:12:20 ,124,216,0.81,120.99
895,51.969783,7.596772,0.00,01/19/2016 13:12:21 ,246,534,0.82,122.25
896,51.969783,7.596772,0.00,01/19/2016 13:12:22 ,80,336,0.86,122.00
897,51.969783,7.596772,0.00,01/19/2016 13:12:23 ,31,341,0.81,122.50
898,51.969783,7.596772,0.00,01/19/2016 13:12:24 ,224,589,0.85,122.75
899,51.969783,7.596772,0.00,01/19/2016 13:12:25 ,255,576,0.78,123.01
900,51.969783,7.596772,0.00,01/19/2016 13:12:26 ,31,587,0.77,121.74
901,51.969783,7.596772,0.00,01/19/2016 13:12:27 ,190,587,0.80,122.75
902,51.969783,7.596772,0.00,01/19/2016 13:12:28 ,183,587,0.80,124.52
903,51.969783,7.596772,0.00,01/19/2016 13:12:29 ,127,587,0.81,123.51
904,51.969783,7.596772,0.00,01/19/2016 13:12:31 ,31,571,0.81,123.01
905,51.969783,7.596772,0.00,01/19/2016 13:12:32 ,158,571,0.82,124.02
906,51.969783,7.596772,0.00,01/19/2016 13:12:33 ,79,580,0.81,123.51
907,51.969783,7.596772,0.00,01/19/2016 13:12:34 ,174,580,0.81,123.26
908,51.969783,7.596772,0.00,01/19/2016 13:12:35 ,142,580,0.81,124.02
909,51.969783,7.596772,0.00,01/19/2016 13:12:36 ,31,580,0.80,123.26
910,51.969783,7.596772,0.00,01/19/2016 13:12:37 ,33,556,0.78,123.51
911,51.969783,7.596772,0.00,01/19/2016 13:12:38 ,31,543,0.81,124.02
912,51.969783,7.596772,0.00,01/19/2016 13:12:39 ,31,504,0.71,124.27
913,51.969772,7.596748,7.22,01/19/2016 13:12:40 ,31,539,0.62,124.78
914,51.969768,7.596710,10.41,01/19/2016 13:12:41 ,31,497,0.93,125.70
915,51.969764,7.596615,12.06,01/19/2016 13:12:43 ,769,526,2.00,125.28
916,51.969764,7.596563,11.45,01/19/2016 13:12:44 ,31,508,0.95,125.28
917,51.969768,7.596512,11.45,01/19/2016 13:12:45 ,68,460,0.94,126.72
918,51.969764,7.596458,13.26,01/19/2016 13:12:46 ,276,457,0.96,126.97
919,51.969753,7.596405,14.39,01/19/2016 13:12:47 ,70,594,1.03,126.97
920,51.969726,7.596360,15.26,01/19/2016 13:12:48 ,31,566,0.20,126.97
921,51.969699,7.596332,13.89,01/19/2016 13:12:49 ,31,445,1.32,126.97
922,51.969665,7.596328,15.76,01/19/2016 13:12:50 ,771,577,1.33,127.98
923,51.969623,7.596333,16.50,01/19/2016 13:12:51 ,32,577,1.20,126.97
924,51.969585,7.596335,16.58,01/19/2016 13:12:52 ,767,570,1.09,127.98
925,51.969497,7.596308,17.74,01/19/2016 13:12:54 ,770,579,0.95,127.98
926,51.969463,7.596275,16.85,01/19/2016 13:12:55 ,769,577,0.82,127.98
927,51.969429,7.596235,16.89,01/19/2016 13:12:56 ,399,505,0.46,129.92
928,51.969394,7.596195,16.89,01/19/2016 13:12:57 ,32,514,0.96,128.91
929,51.969360,7.596178,13.72,01/19/2016 13:12:58 ,32,457,0.40,130.68
930,51.969329,7.596165,13.76,01/19/2016 13:12:59 ,32,457,0.41,130.68
931,51.969291,7.596162,13.32,01/19/2016 13:13:00 ,32,495,1.54,129.92
932,51.969264,7.596152,11.82,01/19/2016 13:13:01 ,32,555,1.16,129.92
933,51.969234,7.596137,10.54,01/19/2016 13:13:02 ,32,609,0.13,129.41
934,51.969215,7.596123,7.35,01/19/2016 13:13:03 ,32,614,0.89,129.92
935,51.969203,7.596102,7.67,01/19/2016 13:13:04 ,695,564,0.72,130.42
936,51.969169,7.596075,8.50,01/19/2016 13:13:06 ,32,600,1.04,130.93
937,51.969142,7.596063,6.30,01/19/2016 13:13:07 ,309,554,1.05,131.43
938,51.969116,7.596055,6.30,01/19/2016 13:13:08 ,32,554,0.81,129.92
939,51.969089,7.596047,8.13,01/19/2016 13:13:09 ,32,655,0.85,130.42
940,51.969070,7.596048,5.00,01/19/2016 13:13:10 ,32,680,0.79,130.17
941,51.969055,7.596050,0.00,01/19/2016 13:13:11 ,174,680,0.78,131.43
942,51.969055,7.596047,0.00,01/19/2016 13:13:12 ,221,610,0.73,130.93
943,51.969051,7.596047,0.00,01/19/2016 13:13:13 ,202,478,0.73,129.92
944,51.969051,7.596047,0.00,01/19/2016 13:13:14 ,41,493,0.70,130.93
945,51.969051,7.596047,0.00,01/19/2016 13:13:15 ,32,468,0.76,130.93
946,51.969051,7.596047,0.00,01/19/2016 13:13:17 ,264,468,0.66,131.69
947,51.969051,7.596047,0.00,01/19/2016 13:13:18 ,32,484,0.75,132.36
